Bil.,Review,Sentiment,Category
1,"The Smart Tutor Program exceeded my expectations. The students were cooperative, well-behaved, and eager to learn. It was incredibly fulfilling to see their progress and to gain valuable teaching experience. Truly a rewarding experience!",Excellent (5/5),"Experience Gained, Student cooperation and behavior throughout the teaching, Expectation fulfillment"
2,"An amazing experience! The students were respectful, engaged, and eager to improve. The program was well-organized, and I gained invaluable teaching experience. Highly recommend this program to anyone looking to make a positive impact.",Excellent (5/5),"Experience Gained, Student cooperation and behavior throughout the teaching, Expectation fulfillment"
3,"Volunteering here was incredibly rewarding. The students were cooperative and enthusiastic, making teaching enjoyable. The program exceeded my expectations, and I gained valuable experience. Proud to have been part of this initiative!",Excellent (5/5),"Experience Gained, Student cooperation and behavior throughout the teaching, Expectation fulfillment"
4,"A fantastic experience! The students were attentive, well-behaved, and eager to learn. The program was excellently organized, exceeding my expectations and providing invaluable teaching experience. Highly recommend it!",Excellent (5/5),"Experience Gained, Student cooperation and behavior throughout the teaching, Expectation fulfillment"
5,"The Smart Tutor Program was highly fulfilling. The students were respectful and cooperative, making teaching a joy. The program exceeded my expectations and offered invaluable teaching experience. An amazing initiative!",Excellent (5/5),"Experience Gained, Student cooperation and behavior throughout the teaching, Expectation fulfillment"
6,"The program at Dato Kamaruddin Mosque had adequate facilities and equipment, though participant attendance fluctuated. The food was satisfactory, and participants enjoyed it. The allowance for volunteers should be increased to better compensate for their efforts.",Neutral (3/5),"Food, Venue, Allowance for the work"
7,"The mosque venue was well-equipped, ensuring effective sessions despite fluctuating attendance. The food quality was satisfactory. A higher allowance for volunteers is necessary to compensate for their time and effort appropriately.",Neutral (3/5),"Food, Venue, Allowance for the work"
8,"The venue and equipment at the mosque were sufficient, but the inconsistency in attendance was a challenge. The meals provided were adequate. It would be beneficial to increase the volunteer allowance to reflect their contributions accurately.",Neutral (3/5),"Food, Venue, Allowance for the work"
9,"The venue at Dato Kamaruddin Mosque was equipped adequately, but the inconsistent attendance affected the program's impact. While the food was satisfactory, a higher allowance for volunteers would better acknowledge their dedication.",Neutral (3/5),"Food, Venue, Allowance for the work"
10,"The mosque provided a suitable environment and necessary equipment, but attendance rates were inconsistent. The food offered was acceptable. An increase in the allowance for volunteers would be a fair recognition of their hard work.",Neutral (3/5),"Food, Venue, Allowance for the work"
11,"Dato Kamaruddin Mosque had the appropriate setup for the sessions, although attendance varied. The food provided was satisfactory. The volunteer allowance should be reconsidered to better match the effort involved.",Neutral (3/5),"Food, Venue, Allowance for the work"
12,"The program's venue provided all necessary equipment, ensuring smooth sessions. However, attendance fluctuated significantly. The provided meals were adequate, but increasing the volunteers' allowance would more accurately reflect their contributions.",Neutral (3/5),"Food, Venue, Allowance for the work"
13,"The venue at Dato Kamaruddin Mosque was sufficient, and the equipment provided met our needs. However, participant attendance was inconsistent. The food was adequate, but the volunteer allowance should be increased to reflect their commitment.",Neutral (3/5),"Food, Venue, Allowance for the work"
14,"The mosque provided a suitable environment and necessary equipment, but attendance rates were inconsistent. The food offered was acceptable. An increase in the allowance for volunteers would be a fair recognition of their hard work.",Neutral (3/5),"Food, Venue, Allowance for the work"
15,"The equipment and venue at the mosque were adequate for the sessions, but the irregular attendance was problematic. The meals provided were fine. However, the allowance for volunteers should be reconsidered to better reflect their efforts.",Neutral (3/5),"Food, Venue, Allowance for the work"
16,"The transportation provided by the organizers was consistently late, causing delays. The program didn't meet my expectations as a volunteer. The students were often uncooperative and disruptive, making it difficult to conduct effective sessions.",Very Poor (1/5),"Transportation provided by organizer, Expectation fulfillment, Student cooperation and behavior throughout the teaching"
17,"I was disappointed with the transportation arrangements; it was unreliable and poorly coordinated. The program fell short of what I anticipated, and the lack of student cooperation made it even more challenging to achieve the set objectives.",Very Poor (1/5),"Transportation provided by organizer, Expectation fulfillment, Student cooperation and behavior throughout the teaching"
18,"The transportation service was inefficient and often late. The program did not fulfill my expectations, and the students' behavior was problematic. Many were uncooperative, which severely impacted the quality of the tutoring sessions.",Very Poor (1/5),"Transportation provided by organizer, Expectation fulfillment, Student cooperation and behavior throughout the teaching"
19,"Transportation issues were a major problem; delays were common. The program did not meet my expectations as it was poorly organized. The students were frequently disruptive and uncooperative, making the experience frustrating and ineffective.",Very Poor (1/5),"Transportation provided by organizer, Expectation fulfillment, Student cooperation and behavior throughout the teaching"
20,"The organizers failed to provide reliable transportation, causing significant delays. The program did not live up to my expectations, and dealing with uncooperative students made it difficult to achieve any meaningful progress.",Very Poor (1/5),"Transportation provided by organizer, Expectation fulfillment, Student cooperation and behavior throughout the teaching"
21,"I was let down by the transportation service, which was consistently late. The program did not meet the expectations set forth, and the students' lack of cooperation and disruptive behavior were significant obstacles.",Very Poor (1/5),"Transportation provided by organizer, Expectation fulfillment, Student cooperation and behavior throughout the teaching"
22,"Transportation provided by the organizers was unreliable and always late. The program didn't fulfill my expectations, and the students' cooperation was minimal. Their disruptive behavior made it hard to conduct productive sessions.",Very Poor (1/5),"Transportation provided by organizer, Expectation fulfillment, Student cooperation and behavior throughout the teaching"
23,"The transportation arrangements were poorly managed, causing frequent delays. The program fell short of my expectations, and the students' lack of cooperation and frequent disruptions hindered any potential progress.",Very Poor (1/5),"Transportation provided by organizer, Expectation fulfillment, Student cooperation and behavior throughout the teaching"
24,"The transportation was a major issue, often late and unreliable. The program did not meet my expectations, and the students' disruptive behavior and lack of cooperation made it nearly impossible to achieve the desired outcomes.",Very Poor (1/5),"Transportation provided by organizer, Expectation fulfillment, Student cooperation and behavior throughout the teaching"
25,"Transportation was consistently late, causing numerous delays. The program did not fulfill my expectations, and the uncooperative behavior of the students made the teaching sessions highly ineffective and frustrating.",Very Poor (1/5),"Transportation provided by organizer, Expectation fulfillment, Student cooperation and behavior throughout the teaching"
26,"Volunteering at Dato Kamaruddin Mosque was enriching. The experience gained from helping students was invaluable. The allowance, although modest, was fair, and the food provided was enjoyable. Overall, a rewarding opportunity.",Good (4/5),"Experience Gained, Allowance for the work, Food
"
27,"I gained significant teaching experience and enjoyed working with the students. The allowance was decent for the effort put in, and the food provided was good. A fulfilling program that I would recommend to other volunteers.",Good (4/5),"Experience Gained, Allowance for the work, Food
"
28,"The Smart Tutor Program offered valuable experience in teaching and mentoring. The allowance, while not substantial, was adequate, and the meals provided were tasty and satisfying. A great initiative worth participating in. ",Good (4/5),"Experience Gained, Allowance for the work, Food
"
29,"The program provided a meaningful experience, allowing us to positively impact students' lives. The allowance was fair, and the food served was satisfactory. I highly recommend this volunteer opportunity for anyone interested in education.",Good (4/5),"Experience Gained, Allowance for the work, Food
"
30,"Gaining practical teaching experience was the highlight of this program. The allowance covered basic expenses, and the food was well-prepared. It's a worthwhile program for those looking to make a difference in education. ",Good (4/5),"Experience Gained, Allowance for the work, Food
"
31,"I had a great time volunteering and learned a lot about teaching. The allowance was reasonable, and the food provided by the mosque was enjoyable. This program is an excellent opportunity for hands-on experience.",Good (4/5),"Experience Gained, Allowance for the work, Food
"
32,"The experience of working with students was incredibly rewarding. The allowance was modest but fair, and the food provided was good. I would encourage others to join this impactful program. ",Good (4/5),"Experience Gained, Allowance for the work, Food
"
33,"Volunteering here gave me valuable insights into teaching and student interaction. The allowance was sufficient, and the food was satisfactory. This program is a great way to gain practical experience while helping others.",Good (4/5),"Experience Gained, Allowance for the work, Food
"
34,"The Smart Tutor Program provided an excellent opportunity to develop teaching skills. The allowance was adequate for the effort, and the food was enjoyable. I highly recommend this program for aspiring educators.",Good (4/5),"Experience Gained, Allowance for the work, Food
"
35,"The experience I gained from this program was invaluable. The allowance, though modest, was fair, and the food provided was delicious. This is a wonderful opportunity for anyone looking to contribute to education.",Good (4/5),"Experience Gained, Allowance for the work, Food
"
36,"Teaching at Dato Kamaruddin Mosque was a rewarding experience. The allowance was reasonable, and the meals were well-prepared. It's a great program for those looking to gain teaching experience and make a positive impact.
",Good (4/5),"Experience Gained, Allowance for the work, Food
"
37,"I thoroughly enjoyed the experience of working with students. The allowance was fair for the work done, and the food provided was good. This program is highly recommended for anyone interested in education.
",Good (4/5),"Experience Gained, Allowance for the work, Food
"
38,"Volunteering here provided valuable teaching experience. The allowance was modest but acceptable, and the food was tasty. This program is an excellent opportunity for gaining practical skills in education.
",Good (4/5),"Experience Gained, Allowance for the work, Food
"
39,"The Smart Tutor Program was a great way to gain teaching experience. The allowance was adequate, and the meals were enjoyable. I would recommend this program to anyone looking to volunteer in education.
",Good (4/5),"Experience Gained, Allowance for the work, Food
"
40,"The program offered an enriching experience, with plenty of opportunities to develop teaching skills. The allowance was fair, and the food provided was satisfying. This is a worthwhile program for aspiring educators.
",Good (4/5),"Experience Gained, Allowance for the work, Food
"
41,"I gained a lot of valuable experience from volunteering here. The allowance was reasonable, and the food provided was good. This program is highly recommended for those looking to gain practical teaching experience.
",Good (4/5),"Experience Gained, Allowance for the work, Food
"
42,"Volunteering at Dato Kamaruddin Mosque was a rewarding experience. The allowance was modest but fair, and the food was enjoyable. I highly recommend this program for anyone interested in gaining teaching experience.
",Good (4/5),"Experience Gained, Allowance for the work, Food
"
43,"The experience gained from this program was invaluable. The allowance was adequate for the effort, and the food was delicious. This is a great opportunity for those looking to contribute to education and develop their skills.
",Good (4/5),"Experience Gained, Allowance for the work, Food
"
44,"The Smart Tutor Program provided a meaningful experience, with valuable teaching opportunities. The allowance was fair, and the food provided was good. I would recommend this program to others looking to volunteer in education.",Good (4/5),"Experience Gained, Allowance for the work, Food
"
45,"Volunteering here was a great learning experience. The allowance was reasonable, and the meals provided were enjoyable. This program is an excellent opportunity for those looking to gain practical experience and make a positive impact in education.",Good (4/5),"Experience Gained, Allowance for the work, Food
"
46,"The venue at Dato Kamaruddin Mosque was adequate, but the execution of the event was lacking. The planning was haphazard, and tasks were not delegated effectively. Additionally, the preparation for teaching sessions was insufficient.",Poor (2/5),"Venue, Event execution (time, planning, task delegation, preparation for teaching)"
47,"While the mosque provided a suitable venue, the event's execution was subpar. The time management was poor, and the planning felt rushed. Task delegation was unclear, making it difficult to prepare adequately for teaching.

",Poor (2/5),"Venue, Event execution (time, planning, task delegation, preparation for teaching)"
48,"The venue was satisfactory, but the event's execution left much to be desired. The planning was last-minute, leading to poor time management. Task delegation was inefficient, and the preparation for teaching was inadequate.",Poor (2/5),"Venue, Event execution (time, planning, task delegation, preparation for teaching)"
49,"The mosque was a decent venue, but the event execution was poorly handled. There was a lack of effective planning and time management. Task delegation was confusing, and preparation for teaching was minimal.",Poor (2/5),"Venue, Event execution (time, planning, task delegation, preparation for teaching)"
50,"The venue at the mosque was fine, but the event's execution fell short. Planning was disorganized, leading to poor time management and ineffective task delegation. Preparation for teaching was insufficient and lacked structure.",Poor (2/5),"Venue, Event execution (time, planning, task delegation, preparation for teaching)"
51,"The venue was adequate, but the event's execution was disappointing. Time management was poor, and planning felt rushed. Task delegation was unclear, resulting in inadequate preparation for teaching sessions",Poor (2/5),"Venue, Event execution (time, planning, task delegation, preparation for teaching)"
52,"The mosque provided a suitable venue, but the execution of the event was subpar. Planning was last-minute, leading to poor time management. Task delegation was inefficient, and the preparation for teaching was lacking.",Poor (2/5),"Venue, Event execution (time, planning, task delegation, preparation for teaching)"
53,"The venue was satisfactory, but the event's execution left much to be desired. Planning was disorganized, resulting in poor time management and unclear task delegation. Preparation for teaching was insufficient",Poor (2/5),"Venue, Event execution (time, planning, task delegation, preparation for teaching)"
54,"The mosque venue was fine, but the event execution was poorly managed. There was a lack of effective planning and time management. Task delegation was confusing, and preparation for teaching was minimal.",Poor (2/5),"Venue, Event execution (time, planning, task delegation, preparation for teaching)"
55,"The venue at Dato Kamaruddin Mosque was adequate, but the event's execution was lacking. The planning was last-minute, leading to poor time management. Task delegation was inefficient, and the preparation for teaching sessions was insufficient.",Poor (2/5),"Venue, Event execution (time, planning, task delegation, preparation for teaching)"
56,"While the mosque provided a suitable venue, the event's execution was subpar. The planning felt rushed, resulting in poor time management. Task delegation was unclear, making it difficult to prepare adequately for teaching.",Poor (2/5),"Venue, Event execution (time, planning, task delegation, preparation for teaching)"
57,"The venue was satisfactory, but the event's execution left much to be desired. The planning was disorganized, leading to poor time management and ineffective task delegation. Preparation for teaching was insufficient and lacked structure.",Poor (2/5),"Venue, Event execution (time, planning, task delegation, preparation for teaching)"
58,"The mosque was a decent venue, but the event execution was poorly handled. Planning was disorganized, resulting in poor time management and unclear task delegation. Preparation for teaching was minimal and inadequate.",Poor (2/5),"Venue, Event execution (time, planning, task delegation, preparation for teaching)"
59,"The venue was adequate, but the event's execution was disappointing. Time management was poor, and planning felt rushed. Task delegation was inefficient, leading to insufficient preparation for teaching sessions.",Poor (2/5),"Venue, Event execution (time, planning, task delegation, preparation for teaching)"
60,"The mosque provided a suitable venue, but the execution of the event was subpar. The planning was last-minute, resulting in poor time management and unclear task delegation. Preparation for teaching was lacking and insufficient.",Poor (2/5),"Venue, Event execution (time, planning, task delegation, preparation for teaching)"
61,"The venue was satisfactory, but the event's execution left much to be desired. Planning was disorganized, leading to poor time management and ineffective task delegation. Preparation for teaching was insufficient and lacked structure.",Poor (2/5),"Venue, Event execution (time, planning, task delegation, preparation for teaching)"
62,"The mosque venue was fine, but the event execution was poorly managed. There was a lack of effective planning and time management. Task delegation was confusing, and preparation for teaching was minimal and inadequate.",Poor (2/5),"Venue, Event execution (time, planning, task delegation, preparation for teaching)"
63,"The venue at Dato Kamaruddin Mosque was adequate, but the event's execution was lacking. The planning felt rushed, resulting in poor time management and unclear task delegation. Preparation for teaching sessions was insufficient and disorganized.",Poor (2/5),"Venue, Event execution (time, planning, task delegation, preparation for teaching)"
64,"While the mosque provided a suitable venue, the event's execution was subpar. Planning was disorganized, leading to poor time management and ineffective task delegation. Preparation for teaching was insufficient and lacked structure.",Poor (2/5),"Venue, Event execution (time, planning, task delegation, preparation for teaching)"
65,"The venue was satisfactory, but the event's execution left much to be desired. Planning was last-minute, resulting in poor time management and unclear task delegation. Preparation for teaching was minimal and insufficient.",Poor (2/5),"Venue, Event execution (time, planning, task delegation, preparation for teaching)"
66,"The facilities at the mosque were top-notch, and the allowance was fair. The transportation provided was always on time and very convenient. It was a great experience overall!",Excellent (5/5),"Facilities, Allowance for the work, Transportation provided by organizer"
67,"I was really impressed with the facilities at Dato Kamaruddin Mosque. The allowance was decent, and the transportation was well-organized and timely. Volunteering here was a fantastic experience.",Excellent (5/5),"Facilities, Allowance for the work, Transportation provided by organizer"
68,"The mosque had excellent facilities, making teaching sessions smooth. The allowance was quite generous, and the transportation provided was reliable. I thoroughly enjoyed volunteering here.",Excellent (5/5),"Facilities, Allowance for the work, Transportation provided by organizer"
69,"Volunteering at Dato Kamaruddin Mosque was great! The facilities were superb, the allowance was good, and the transportation service was punctual and convenient. Highly recommended!",Excellent (5/5),"Facilities, Allowance for the work, Transportation provided by organizer"
70,"The facilities at the mosque were excellent, and the allowance for the work was fair. The transportation provided was always on time, making the whole experience very pleasant and hassle-free.",Excellent (5/5),"Facilities, Allowance for the work, Transportation provided by organizer"
71,"I loved the facilities at Dato Kamaruddin Mosque. The allowance was pretty good, and the transportation service was efficient and reliable. Overall, a fantastic volunteer experience.",Excellent (5/5),"Facilities, Allowance for the work, Transportation provided by organizer"
72,"Great facilities at the mosque, and the allowance for the work was adequate. The transportation provided was punctual and comfortable. Volunteering here was a wonderful experience.",Excellent (5/5),"Facilities, Allowance for the work, Transportation provided by organizer"
73,"The facilities at Dato Kamaruddin Mosque were excellent, and the allowance was generous. The transportation was always on time, making it easy to get to the venue. Highly recommend volunteering here.",Excellent (5/5),"Facilities, Allowance for the work, Transportation provided by organizer"
74,"Amazing facilities at the mosque, fair allowance, and reliable transportation. Everything was well-organized, making the volunteer experience smooth and enjoyable. Definitely a great program to be part of.",Excellent (5/5),"Facilities, Allowance for the work, Transportation provided by organizer"
75,"The facilities at the mosque were top-notch, the allowance was fair, and the transportation was always on time. Overall, it was an excellent experience volunteering here.",Excellent (5/5),"Facilities, Allowance for the work, Transportation provided by organizer"
76,"The program somewhat met my expectations. The food was decent, but the overall experience was not as enriching as I hoped. There were some valuable moments, but overall, it felt lackluster.",Neutral (3/5),"Expectation fulfillment, Food, Experience Gained"
77,"The experience gained was okay, but it didn't fully meet my expectations. The food was adequate, but the program itself was just average. It could have been more impactful.",Neutral (3/5),"Expectation fulfillment, Food, Experience Gained"
78,"While the food was alright, the program fell short of my expectations. I gained some experience, but it wasn't as fulfilling as I had hoped. It was just a mediocre experience overall.",Neutral (3/5),"Expectation fulfillment, Food, Experience Gained"
79,"The program was somewhat disappointing. The food was satisfactory, but the experience gained was minimal. It did not fully meet my expectations, leaving me wanting more.",Neutral (3/5),"Expectation fulfillment, Food, Experience Gained"
80,"The experience was not as enriching as expected. The food was fine, but the overall fulfillment was lacking. It felt like an average program that could have been better.",Neutral (3/5),"Expectation fulfillment, Food, Experience Gained"
81,"The food was okay, but the program didn't quite meet my expectations. The experience gained was limited, and overall, it was just an average volunteering opportunity.
",Neutral (3/5),"Expectation fulfillment, Food, Experience Gained"
82,"The program was underwhelming. The food was decent, but the experience didn't live up to my expectations. It felt like there was potential that wasn't fully realized.",Neutral (3/5),"Expectation fulfillment, Food, Experience Gained"
83,"While the food was adequate, the program fell short in terms of expectations. The experience gained was not as significant as I had hoped, making it a rather mediocre experience.
",Neutral (3/5),"Expectation fulfillment, Food, Experience Gained"
84,"The program did not fully meet my expectations. The food was fine, but the experience gained was minimal and not very fulfilling. It could have been a lot better.
",Neutral (3/5),"Expectation fulfillment, Food, Experience Gained"
85,"The food was satisfactory, but the program itself was average. It didn't meet my expectations, and the experience gained was limited. Overall, it was a mediocre effort
",Neutral (3/5),"Expectation fulfillment, Food, Experience Gained"
86,"The program was somewhat disappointing. The food was okay, but the overall experience was lacking. It didn't meet my expectations fully and left me wanting more.
",Neutral (3/5),"Expectation fulfillment, Food, Experience Gained"
87,"The food was decent, but the program didn't fulfill my expectations. The experience gained was minimal and not very enriching. It was just an average experience overall.",Neutral (3/5),"Expectation fulfillment, Food, Experience Gained"
88,"The program was underwhelming. The food was adequate, but the overall experience was not as fulfilling as I had hoped. It felt like an average effort that could have been better.",Neutral (3/5),"Expectation fulfillment, Food, Experience Gained"
89,"The food was fine, but the program did not meet my expectations. The experience gained was limited, making it a rather mediocre volunteering opportunity.",Neutral (3/5),"Expectation fulfillment, Food, Experience Gained"
90,"The program did not fully meet my expectations. The food was satisfactory, but the experience gained was minimal and not very enriching. Overall, it was just an average experience.",Neutral (3/5),"Expectation fulfillment, Food, Experience Gained"
91,"While the food was decent, the program was disappointing. The experience gained did not meet my expectations, making it a rather lackluster effort overall.",Neutral (3/5),"Expectation fulfillment, Food, Experience Gained"
92,"The program was average at best. The food was okay, but the experience gained was minimal. It did not fully meet my expectations, leaving me wanting more.",Neutral (3/5),"Expectation fulfillment, Food, Experience Gained"
93,"The food was adequate, but the program itself was underwhelming. The experience gained was not as fulfilling as I had hoped, making it a rather mediocre experience overall. 
",Neutral (3/5),"Expectation fulfillment, Food, Experience Gained"
94,"The program fell short of my expectations. The food was decent, but the overall experience was lacking. It felt like an average effort that could have been better.",Neutral (3/5),"Expectation fulfillment, Food, Experience Gained"
95,"The food was satisfactory, but the program didn't meet my expectations. The experience gained was limited and not very enriching. Overall, it was a mediocre effort.",Neutral (3/5),"Expectation fulfillment, Food, Experience Gained"
96,"The students' cooperation and behavior were disappointing, making teaching challenging. The facilities were basic but sufficient. The food provided was average and could be improved. Overall, the experience was not very fulfilling.",Poor (2/5),"Student cooperation and behavior throughout the teaching, Facilities, Food"
97,"The students were often uncooperative and disruptive, which affected the teaching sessions. The facilities were adequate but not outstanding. The food was just okay, not very memorable. I expected a more positive experience.",Poor (2/5),"Student cooperation and behavior throughout the teaching, Facilities, Food"
98,"Teaching was difficult due to the students' lack of cooperation and frequent disruptions. The facilities were basic and the food was mediocre at best. This program needs significant improvements to be truly effective.
",Poor (2/5),"Student cooperation and behavior throughout the teaching, Facilities, Food"
99,"The students' behavior made it hard to conduct effective teaching sessions. The facilities provided were minimal, and the food was not up to standard. The program needs to address these issues for a better experience.",Poor (2/5),"Student cooperation and behavior throughout the teaching, Facilities, Food"
100,"Student cooperation was a major issue, with frequent disruptions during lessons. The facilities were just passable, and the food was unimpressive. The program needs better management to ensure a smoother experience.",Poor (2/5),"Student cooperation and behavior throughout the teaching, Facilities, Food"
101,"Uncooperative students and frequent disruptions made teaching sessions challenging. The facilities were bare minimum, and the food lacked variety and quality. Improvements are necessary for a more productive program.",Poor (2/5),"Student cooperation and behavior throughout the teaching, Facilities, Food"
102,"The students' behavior was often disruptive, making teaching very difficult. The facilities were basic, and the food was average. This program needs a lot of improvements to be more effective and enjoyable.
",Poor (2/5),"Student cooperation and behavior throughout the teaching, Facilities, Food"
103,"Teaching was hindered by the students' lack of cooperation and frequent misbehavior. The facilities were adequate but not exceptional. The food was just okay and could be better. Overall, it was a frustrating experience",Poor (2/5),"Student cooperation and behavior throughout the teaching, Facilities, Food"
104,"The students' uncooperative behavior made teaching sessions very difficult. The facilities provided were minimal, and the food was mediocre. Significant improvements are needed to make this program more effective.",Poor (2/5),"Student cooperation and behavior throughout the teaching, Facilities, Food"
105,"The students were frequently disruptive, making it hard to teach effectively. The facilities were just basic, and the food was average at best. The program requires better management and resources to improve the experience.",Poor (2/5),"Student cooperation and behavior throughout the teaching, Facilities, Food"
106,"The allowance for the work was reasonable. The event was well-executed with clear planning and effective task delegation. The venue was adequately equipped and comfortable. Overall, a positive experience.",Good (4/5),"Allowance for the work, Event execution (time, planning, task delegation, preparation for teaching), Venue"
107,"I appreciated the allowance, which was fair for the effort. The event's planning and execution were well-organized, with tasks delegated efficiently. The venue was suitable and provided a conducive environment for learning.",Good (4/5),"Allowance for the work, Event execution (time, planning, task delegation, preparation for teaching), Venue"
108,"The event was well-organized with thoughtful planning and clear task delegation. The allowance was decent, and the venue provided a good learning atmosphere. Overall, it was a well-executed program.
",Good (4/5),"Allowance for the work, Event execution (time, planning, task delegation, preparation for teaching), Venue"
109,"The allowance for the work was fair, and the event execution was impressive with efficient planning and task delegation. The venue was comfortable and well-equipped. It was a well-coordinated program.
",Good (4/5),"Allowance for the work, Event execution (time, planning, task delegation, preparation for teaching), Venue"
110,"I found the allowance adequate for the work involved. The event was executed smoothly with excellent planning and clear task delegation. The venue was suitable and facilitated a good teaching environment.
",Good (4/5),"Allowance for the work, Event execution (time, planning, task delegation, preparation for teaching), Venue"
111,"The allowance provided was reasonable. The event's planning and execution were well-done, with tasks delegated effectively. The venue was well-suited for the activities, making it a successful program overall.
",Good (4/5),"Allowance for the work, Event execution (time, planning, task delegation, preparation for teaching), Venue"
112,"The allowance was fair, and the event execution was handled professionally with thorough planning and effective task delegation. The venue was appropriate and provided a conducive environment for learning.
",Good (4/5),"Allowance for the work, Event execution (time, planning, task delegation, preparation for teaching), Venue"
113,"The event was well-coordinated with efficient planning and clear task delegation. The allowance was adequate, and the venue was comfortable and well-equipped. Overall, it was a positive and well-organized experience.
",Good (4/5),"Allowance for the work, Event execution (time, planning, task delegation, preparation for teaching), Venue"
114,"The allowance provided was reasonable, and the event execution was smooth with effective planning and task delegation. The venue was well-suited for the teaching sessions, making it a successful program overall.
",Good (4/5),"Allowance for the work, Event execution (time, planning, task delegation, preparation for teaching), Venue"
115,"The allowance was fair, and the event was executed well with thoughtful planning and clear task delegation. The venue was comfortable and facilitated a positive learning experience. It was a well-organized program.

",Good (4/5),"Allowance for the work, Event execution (time, planning, task delegation, preparation for teaching), Venue"
116,"The event was well-planned and executed, with clear task delegation and effective preparation for teaching. The allowance was fair, and the venue provided a conducive environment for learning. Overall, it was a positive experience.

",Good (4/5),"Allowance for the work, Event execution (time, planning, task delegation, preparation for teaching), Venue"
117,"I found the allowance reasonable for the work involved. The event was well-organized with thorough planning and efficient task delegation. The venue was suitable and provided a good learning atmosphere.

",Good (4/5),"Allowance for the work, Event execution (time, planning, task delegation, preparation for teaching), Venue"
118,"The allowance was adequate, and the event execution was impressive with effective planning and task delegation. The venue was comfortable and well-equipped, making it a well-coordinated program overall.
",Good (4/5),"Allowance for the work, Event execution (time, planning, task delegation, preparation for teaching), Venue"
119,"The allowance provided was reasonable, and the event's planning and execution were well-done. Tasks were delegated effectively, and the venue was well-suited for the activities. It was a successful program overall.
",Good (4/5),"Allowance for the work, Event execution (time, planning, task delegation, preparation for teaching), Venue"
120,"The allowance was fair for the effort involved. The event was executed smoothly with efficient planning and clear task delegation. The venue was suitable and provided a conducive environment for learning.
",Good (4/5),"Allowance for the work, Event execution (time, planning, task delegation, preparation for teaching), Venue"
121,"The allowance was reasonable, and the event execution was handled professionally with thorough planning and effective task delegation. The venue was comfortable and well-equipped, making it a successful program overall.

",Good (4/5),"Allowance for the work, Event execution (time, planning, task delegation, preparation for teaching), Venue"
122,"The allowance was fair, and the event was executed well with thoughtful planning and clear task delegation. The venue was comfortable and facilitated a positive learning experience. Overall, it was a well-organized program.
",Good (4/5),"Allowance for the work, Event execution (time, planning, task delegation, preparation for teaching), Venue"
123,"The event was well-coordinated with efficient planning and clear task delegation. The allowance was adequate, and the venue was comfortable and well-equipped. It was a positive and well-organized experience overall.

",Good (4/5),"Allowance for the work, Event execution (time, planning, task delegation, preparation for teaching), Venue"
124,"The allowance was fair, and the event execution was handled professionally with thorough planning and effective task delegation. The venue was suitable and provided a conducive environment for learning. Overall, it was a successful program.
",Good (4/5),"Allowance for the work, Event execution (time, planning, task delegation, preparation for teaching), Venue"
125,"I found the allowance reasonable for the work involved. The event was well-organized with thorough planning and efficient task delegation. The venue was comfortable and provided a good learning atmosphere. It was a well-coordinated program.
",Good (4/5),"Allowance for the work, Event execution (time, planning, task delegation, preparation for teaching), Venue"
126,"The quality of the food provided was substandard, falling short of basic expectations. The allowance for the work performed was minimal and did not reflect the effort required. Overall, the experience did not meet my expectations.",Poor (2/5),"Food, Allowance for the work, Expectation fulfillment"
127,"The food offered was disappointing, lacking in both variety and taste. The allowance given was insufficient to cover even basic expenses. My overall expectations for the program were not fulfilled.",Poor (2/5),"Food, Allowance for the work, Expectation fulfillment"
128,"The provided food was of poor quality and did not meet acceptable standards. The allowance was inadequate, failing to compensate fairly for the work involved. The program did not live up to its promises.",Poor (2/5),"Food, Allowance for the work, Expectation fulfillment"
129,"The food quality was far below expectations, making it difficult to enjoy meals. The allowance for the work was minimal and insufficient. Overall, the experience fell short of what was promised",Poor (2/5),"Food, Allowance for the work, Expectation fulfillment"
130,"The meals provided were unsatisfactory, lacking both flavor and nutrition. The allowance for the work was disappointingly low. The program did not fulfill my expectations, leading to a generally poor experience..",Poor (2/5),"Food, Allowance for the work, Expectation fulfillment"
131,"The food served was subpar, failing to meet even basic standards. The allowance was insufficient for the work required, making it difficult to justify the effort. The overall experience was disappointing.",Poor (2/5),"Food, Allowance for the work, Expectation fulfillment"
132,"The quality of the food was unacceptable, leading to a poor dining experience. The allowance provided for the work was inadequate. The program did not meet my expectations in several key areas.",Poor (2/5),"Food, Allowance for the work, Expectation fulfillment"
133,"The meals were of low quality, lacking in both taste and nutritional value. The allowance for the work was minimal and did not compensate adequately for the effort required. The program did not meet my expectations.",Poor (2/5),"Food, Allowance for the work, Expectation fulfillment"
134,"The food provided was disappointing and did not meet acceptable standards. The allowance was insufficient for the amount of work required. Overall, the program failed to fulfill my expectations.",Poor (2/5),"Food, Allowance for the work, Expectation fulfillment"
135,"The quality of the food was poor and did not provide a satisfactory dining experience. The allowance for the work was inadequate, failing to reflect the effort required. The overall program did not meet my expectations",Poor (2/5),"Food, Allowance for the work, Expectation fulfillment"
136,The experience gained from this program was invaluable. The event execution was flawless with meticulous planning and clear task delegation. The venue was well-equipped and conducive to learning. Highly recommend!,Excellent (5/5),"Experience Gained, Event execution (time, planning, task delegation, preparation for teaching), Venue"
137,"I gained significant teaching experience. The event was perfectly timed and well-planned, with tasks clearly delegated. The venue provided an excellent environment for learning. A fantastic program overall!",Excellent (5/5),"Experience Gained, Event execution (time, planning, task delegation, preparation for teaching), Venue"
138,"The program offered a wealth of experience. The planning and execution were spot on, ensuring everything ran smoothly. The venue was ideal for the sessions. Definitely worth participating in.",Excellent (5/5),"Experience Gained, Event execution (time, planning, task delegation, preparation for teaching), Venue"
139,"This program provided excellent hands-on experience. The event execution was seamless, with well-organized planning and task delegation. The venue was perfect for the sessions. Highly recommended!",Excellent (5/5),"Experience Gained, Event execution (time, planning, task delegation, preparation for teaching), Venue"
140,"I learned a lot from this program. The event was executed with precision, thanks to thorough planning and clear task delegation. The venue was comfortable and well-suited for the activities. A great initiative!",Excellent (5/5),"Experience Gained, Event execution (time, planning, task delegation, preparation for teaching), Venue"
141,"The experience I gained was tremendous. The event was exceptionally well-planned and executed, with clear task delegation. The venue was excellent, providing a conducive learning environment. Highly recommended for aspiring educators!",Excellent (5/5),"Experience Gained, Event execution (time, planning, task delegation, preparation for teaching), Venue"
142,I gained invaluable experience from this program. The event was executed flawlessly with meticulous planning and clear task delegation. The venue was well-equipped and ideal for the sessions. A must-join for all!,Excellent (5/5),"Experience Gained, Event execution (time, planning, task delegation, preparation for teaching), Venue"
143,"The experience was fantastic. The event execution was perfect, with excellent planning and task delegation. The venue was comfortable and conducive to learning. Highly recommend this program for gaining teaching experience!",Excellent (5/5),"Experience Gained, Event execution (time, planning, task delegation, preparation for teaching), Venue"
144,"The program provided me with valuable experience. The event was impeccably planned and executed, with clear task delegation. The venue was well-suited for the sessions. A highly beneficial program!",Excellent (5/5),"Experience Gained, Event execution (time, planning, task delegation, preparation for teaching), Venue"
145,I gained significant experience from this program. The event was executed seamlessly with thorough planning and task delegation. The venue was ideal for the activities. Highly recommend for those looking to gain teaching experience,Excellent (5/5),"Experience Gained, Event execution (time, planning, task delegation, preparation for teaching), Venue"
146,"The program was a great learning experience. The event execution was flawless, thanks to detailed planning and effective task delegation. The venue was excellent for learning. A top-notch program!",Excellent (5/5),"Experience Gained, Event execution (time, planning, task delegation, preparation for teaching), Venue"
147,The experience gained was invaluable. The event was perfectly executed with meticulous planning and clear task delegation. The venue was conducive to learning. A highly recommended program for aspiring teachers!,Excellent (5/5),"Experience Gained, Event execution (time, planning, task delegation, preparation for teaching), Venue"
148,"I learned so much from this program. The event was executed with precision, and the planning and task delegation were excellent. The venue was perfect for the sessions. Highly recommend!",Excellent (5/5),"Experience Gained, Event execution (time, planning, task delegation, preparation for teaching), Venue"
149,This program offered valuable experience. The event was seamlessly executed with well-thought-out planning and task delegation. The venue was well-suited for learning. Highly recommend for those interested in teaching!,Excellent (5/5),"Experience Gained, Event execution (time, planning, task delegation, preparation for teaching), Venue"
150,"The program provided an excellent learning experience. The event execution was flawless, with thorough planning and effective task delegation. The venue was ideal for the sessions. Highly recommend!",Excellent (5/5),"Experience Gained, Event execution (time, planning, task delegation, preparation for teaching), Venue"
151,I gained tremendous experience from this program. The event was perfectly planned and executed with clear task delegation. The venue was conducive to learning. A highly beneficial program for aspiring educators!,Excellent (5/5),"Experience Gained, Event execution (time, planning, task delegation, preparation for teaching), Venue"
152,The experience I gained was invaluable. The event execution was seamless with meticulous planning and task delegation. The venue was well-equipped and ideal for the sessions. Highly recommended!,Excellent (5/5),"Experience Gained, Event execution (time, planning, task delegation, preparation for teaching), Venue"
153,"The program was a fantastic learning opportunity. The event was executed with precision, thanks to excellent planning and task delegation. The venue was well-suited for learning. Highly recommend this program!",Excellent (5/5),"Experience Gained, Event execution (time, planning, task delegation, preparation for teaching), Venue"
154,"I gained significant experience from this program. The event execution was flawless, with thorough planning and clear task delegation. The venue was perfect for the sessions. Highly recommend!",Excellent (5/5),"Experience Gained, Event execution (time, planning, task delegation, preparation for teaching), Venue"
155,"The experience was invaluable. The event execution was impeccable, with detailed planning and effective task delegation. The venue was excellent for learning. Highly recommend for aspiring educators!",Excellent (5/5),"Experience Gained, Event execution (time, planning, task delegation, preparation for teaching), Venue"
156,"This program provided excellent hands-on experience. The event execution was perfect, with meticulous planning and clear task delegation. The venue was well-suited for the activities. A must-join for all!",Excellent (5/5),"Experience Gained, Event execution (time, planning, task delegation, preparation for teaching), Venue"
157,"I learned a lot from this program. The event was executed with precision, and the planning and task delegation were excellent. The venue was comfortable and conducive to learning. A great initiative!",Excellent (5/5),"Experience Gained, Event execution (time, planning, task delegation, preparation for teaching), Venue"
158,"The program was a great learning experience. The event execution was flawless, thanks to detailed planning and effective task delegation. The venue was excellent for learning. A top-notch program!",Excellent (5/5),"Experience Gained, Event execution (time, planning, task delegation, preparation for teaching), Venue"
159,The experience gained was invaluable. The event was perfectly executed with meticulous planning and clear task delegation. The venue was conducive to learning. A highly recommended program for aspiring teachers!,Excellent (5/5),"Experience Gained, Event execution (time, planning, task delegation, preparation for teaching), Venue"
160,This program offered valuable experience. The event was seamlessly executed with well-thought-out planning and task delegation. The venue was well-suited for learning. Highly recommend for those interested in teaching!,Excellent (5/5),"Experience Gained, Event execution (time, planning, task delegation, preparation for teaching), Venue"
161,"The program provided an excellent learning experience. The event execution was flawless, with thorough planning and effective task delegation. The venue was ideal for the sessions. Highly recommend",Excellent (5/5),"Experience Gained, Event execution (time, planning, task delegation, preparation for teaching), Venue"
162,I gained tremendous experience from this program. The event was perfectly planned and executed with clear task delegation. The venue was conducive to learning. A highly beneficial program for aspiring educators!,Excellent (5/5),"Experience Gained, Event execution (time, planning, task delegation, preparation for teaching), Venue"
163,The experience I gained was invaluable. The event execution was seamless with meticulous planning and task delegation. The venue was well-equipped and ideal for the sessions. Highly recommended!,Excellent (5/5),"Experience Gained, Event execution (time, planning, task delegation, preparation for teaching), Venue"
164,"The program was a fantastic learning opportunity. The event was executed with precision, thanks to excellent planning and task delegation. The venue was well-suited for learning. Highly recommend this program!",Excellent (5/5),"Experience Gained, Event execution (time, planning, task delegation, preparation for teaching), Venue"
165,"I gained significant experience from this program. The event execution was flawless, with thorough planning and clear task delegation. The venue was perfect for the sessions. Highly recommend!",Excellent (5/5),"Experience Gained, Event execution (time, planning, task delegation, preparation for teaching), Venue"
166,"The venue was decent, and I gained some valuable experience. However, the allowance for the work was quite low, which was a bit disappointing. Overall, an average experience.",Neutral (3/5),"Venue, Event Experience Gained, Allowance for the work"
167,"The venue was satisfactory, providing an adequate learning environment. I did gain some useful experience, but the allowance for the work was not enough to cover basic expenses.",Neutral (3/5),"Venue, Event Experience Gained, Allowance for the work"
168,"The venue was fine, and the experience gained was somewhat helpful. The allowance for the work, however, was minimal and didn't fully compensate for the effort put in.",Neutral (3/5),"Venue, Event Experience Gained, Allowance for the work"
169,"The venue was decent, and I appreciated the experience I gained. However, the allowance provided for the work was insufficient and could use improvement.",Neutral (3/5),"Venue, Event Experience Gained, Allowance for the work"
170,"The venue was adequate, and I learned a fair amount from the experience. The allowance for the work, though, was quite low and did not meet my expectations.",Neutral (3/5),"Venue, Event Experience Gained, Allowance for the work"
171,"The venue was satisfactory and provided a good environment for learning. I gained some useful experience, but the allowance for the work was disappointingly low.",Neutral (3/5),"Venue, Event Experience Gained, Allowance for the work"
172,"The venue was acceptable, and I did gain some valuable experience. However, the allowance for the work was not adequate, making it less appealing.",Neutral (3/5),"Venue, Event Experience Gained, Allowance for the work"
173,"The venue was fine, and I appreciated the learning experience. However, the allowance for the work was insufficient, which was a letdown.",Neutral (3/5),"Venue, Event Experience Gained, Allowance for the work"
174,"The venue provided a suitable learning environment, and I gained some practical experience. The allowance for the work, however, was quite low and didn't fully compensate for the time invested.",Neutral (3/5),"Venue, Event Experience Gained, Allowance for the work"
175,"The venue was satisfactory, and the experience gained was beneficial. The allowance for the work, though, was minimal and did not meet expectations.",Neutral (3/5),"Venue, Event Experience Gained, Allowance for the work"
176,"The venue was decent, and the experience gained was somewhat helpful. However, the allowance provided for the work was insufficient and could be improved.",Neutral (3/5),"Venue, Event Experience Gained, Allowance for the work"
177,"The venue was fine, and I gained some useful experience. The allowance for the work, however, was quite low and did not fully compensate for the effort put in.",Neutral (3/5),"Venue, Event Experience Gained, Allowance for the work"
178,"The venue was satisfactory and provided a good learning environment. I did gain some valuable experience, but the allowance for the work was disappointingly low.",Neutral (3/5),"Venue, Event Experience Gained, Allowance for the work"
179,"The venue was acceptable, and the experience gained was beneficial. The allowance for the work, however, was minimal and did not meet expectations.",Neutral (3/5),"Venue, Event Experience Gained, Allowance for the work"
180,"The venue was adequate, and I learned a fair amount from the experience. The allowance for the work, though, was quite low and did not meet my expectations.",Neutral (3/5),"Venue, Event Experience Gained, Allowance for the work"
181,"The venue was decent, and I appreciated the learning experience. However, the allowance for the work was insufficient, which was a letdown.",Neutral (3/5),"Venue, Event Experience Gained, Allowance for the work"
182,"The venue was satisfactory, and I gained some useful experience. The allowance for the work, however, was quite low and didn't fully compensate for the effort put in.",Neutral (3/5),"Venue, Event Experience Gained, Allowance for the work"
183,"The venue provided a suitable learning environment, and I did gain some valuable experience. However, the allowance for the work was not adequate, making it less appealing.",Neutral (3/5),"Venue, Event Experience Gained, Allowance for the work"
184,"The venue was fine, and the experience gained was beneficial. The allowance for the work, though, was minimal and did not meet expectations.",Neutral (3/5),"Venue, Event Experience Gained, Allowance for the work"
185,"The venue was acceptable, and I learned a fair amount from the experience. However, the allowance for the work was insufficient and could be improved.",Neutral (3/5),"Venue, Event Experience Gained, Allowance for the work"
186,"The experience gained was minimal at best. The facilities were subpar, and the program did not meet my expectations at all. Very disappointing.",Very Poor (1/5),"Experience Gained, Expectation fulfillment, Facilities"
187,"I expected so much more from this program. The facilities were lacking, and the experience gained was negligible. Definitely not what I signed up for.",Very Poor (1/5),"Experience Gained, Expectation fulfillment, Facilities"
188,"The facilities were pretty bad, and I hardly learned anything useful. My expectations were not met in any way. Very poor experience overall.",Very Poor (1/5),"Experience Gained, Expectation fulfillment, Facilities"
189,"This program fell flat. The facilities were inadequate, and I didn't gain any meaningful experience. My expectations were completely unmet.",Very Poor (1/5),"Experience Gained, Expectation fulfillment, Facilities"
190,"The facilities were disappointing, and the experience gained was almost nonexistent. The program did not fulfill my expectations at all. Very dissatisfied.",Very Poor (1/5),"Experience Gained, Expectation fulfillment, Facilities"
191,"I didn't learn much from this program. The facilities were poor, and my expectations were not met. Overall, it was a very disappointing experience.",Very Poor (1/5),"Experience Gained, Expectation fulfillment, Facilities"
192,"The facilities were inadequate, and the experience I gained was minimal. This program did not meet my expectations in the slightest. Very poor.",Very Poor (1/5),"Experience Gained, Expectation fulfillment, Facilities"
193,"I expected a lot more from this program. The facilities were substandard, and the experience gained was hardly worth mentioning. Very disappointed.",Very Poor (1/5),"Experience Gained, Expectation fulfillment, Facilities"
194,"The facilities were lacking, and I gained very little experience. My expectations were far from being met. Overall, a very poor experience.",Very Poor (1/5),"Experience Gained, Expectation fulfillment, Facilities"
195,"This program was a letdown. The facilities were inadequate, and the experience gained was minimal. My expectations were not fulfilled at all.",Very Poor (1/5),"Experience Gained, Expectation fulfillment, Facilities"
196,"The facilities were poor, and the experience I gained was minimal. My expectations were not met at all. Overall, a very disappointing experience",Very Poor (1/5),"Experience Gained, Expectation fulfillment, Facilities"
197,"The facilities were subpar, and I didn't gain much from the experience. My expectations were not fulfilled in any way. Very poor overall.",Very Poor (1/5),"Experience Gained, Expectation fulfillment, Facilities"
198,"I expected a lot more. The facilities were lacking, and the experience gained was negligible. Overall, a very poor and disappointing experience.",Very Poor (1/5),"Experience Gained, Expectation fulfillment, Facilities"
199,"The facilities were inadequate, and the experience I gained was almost nonexistent. My expectations were not met at all. Very dissatisfied.",Very Poor (1/5),"Experience Gained, Expectation fulfillment, Facilities"
200,"This program did not meet my expectations in any way. The facilities were poor, and the experience gained was minimal. Very disappointing.",Very Poor (1/5),"Experience Gained, Expectation fulfillment, Facilities"
201,"The facilities were disappointing, and I didn't gain much experience. My expectations were far from being met. Overall, a very poor experience.",Very Poor (1/5),"Experience Gained, Expectation fulfillment, Facilities"
202,"The facilities were substandard, and the experience I gained was negligible. My expectations were not fulfilled at all. Very poor overall.",Very Poor (1/5),"Experience Gained, Expectation fulfillment, Facilities"
203,"I expected more from this program. The facilities were lacking, and the experience gained was almost nonexistent. Very disappointing.",Very Poor (1/5),"Experience Gained, Expectation fulfillment, Facilities"
204,"The facilities were inadequate, and the experience gained was minimal. My expectations were not met at all. Overall, a very poor experience.",Very Poor (1/5),"Experience Gained, Expectation fulfillment, Facilities"
205,"This program was a letdown. The facilities were poor, and I gained very little experience. My expectations were not fulfilled at all.",Very Poor (1/5),"Experience Gained, Expectation fulfillment, Facilities"
206,"The facilities were subpar, and the experience I gained was negligible. My expectations were not met in any way. Very poor overall.",Very Poor (1/5),"Experience Gained, Expectation fulfillment, Facilities"
207,"The facilities were inadequate, and the experience gained was almost nonexistent. My expectations were not fulfilled at all. Very disappointing.",Very Poor (1/5),"Experience Gained, Expectation fulfillment, Facilities"
208,"I didn't learn much from this program. The facilities were lacking, and my expectations were far from being met. Overall, a very poor experience.",Very Poor (1/5),"Experience Gained, Expectation fulfillment, Facilities"
209,"The facilities were disappointing, and the experience I gained was minimal. My expectations were not met at all. Very poor overall.",Very Poor (1/5),"Experience Gained, Expectation fulfillment, Facilities"
210,"This program did not meet my expectations in any way. The facilities were substandard, and the experience gained was negligible. Very disappointing!",Very Poor (1/5),"Experience Gained, Expectation fulfillment, Facilities"
211,"The experience was disappointing. We expected to make a significant impact, but the lack of consistent attendance made it difficult to achieve any meaningful progress.",Very Poor (1/5),"Experience Gained, Expectation fulfillment, Facilities"
212,"Our expectations were not met at all. We hoped to engage with many students, but the low attendance, especially during school holidays, was disheartening.",Very Poor (1/5),"Experience Gained, Expectation fulfillment, Facilities"
213,"The facilities provided were inadequate. Although the mosque offered some equipment, it wasn’t sufficient to accommodate all the students effectively, leading to a chaotic learning environment.",Very Poor (1/5),"Experience Gained, Expectation fulfillment, Facilities"
214,"The program failed to provide a fulfilling experience. With so few students attending, it felt like our efforts were wasted, and we couldn't build a rapport with the participants.",Very Poor (1/5),"Experience Gained, Expectation fulfillment, Facilities"
215,"We expected better organization and higher student turnout. Unfortunately, the inconsistent attendance and lack of engagement from the students were very disappointing.",Very Poor (1/5),"Experience Gained, Expectation fulfillment, Facilities"
216,"The facilities did not meet our needs. The space was cramped, and the provided equipment was often insufficient or in poor condition, hindering our ability to teach effectively.",Very Poor (1/5),"Experience Gained, Expectation fulfillment, Facilities"
217,I gained little from this program. The sporadic attendance and lack of interest from the students made it hard to see any positive outcomes from our efforts.,Very Poor (1/5),"Experience Gained, Expectation fulfillment, Facilities"
218,"This program did not fulfill our expectations. We anticipated a structured and impactful teaching experience, but the reality was far from what was promised.",Very Poor (1/5),"Experience Gained, Expectation fulfillment, Facilities"
219,"The mosque’s facilities were inadequate. While some equipment was available, it was often not enough to support all the students, making the learning process frustrating and inefficient.",Very Poor (1/5),"Experience Gained, Expectation fulfillment, Facilities"
220,"The program offered little in terms of valuable experience. The low and inconsistent attendance meant we rarely had a full class, limiting the effectiveness of our teaching and engagement efforts",Very Poor (1/5),"Experience Gained, Expectation fulfillment, Facilities"
221,"While the initiative is commendable, the transportation provided by the organizers was consistently late and unreliable, causing delays. The event execution was poorly planned, with insufficient preparation for teaching and unclear task delegation. This fell short of my expectations",Poor (2/5),"Transportation provided by organizer, Event execution (time, planning, task delegation, preparation for teaching), Expectation fulfillment"
222,"I was disappointed with the transportation arrangements as the buses were frequently late. The event lacked proper planning, with chaotic time management and insufficient teaching materials. Overall, the program did not meet my expectations",Poor (2/5),"Transportation provided by organizer, Event execution (time, planning, task delegation, preparation for teaching), Expectation fulfillment"
223,"The transportation service was unreliable, often causing us to arrive late. Additionally, the event's execution was subpar, with poor planning and inadequate preparation for teaching sessions. My expectations for a smoothly run program were not met.",Poor (2/5),"Transportation provided by organizer, Event execution (time, planning, task delegation, preparation for teaching), Expectation fulfillment"
224,"Transport was a major issue, with delays affecting our schedule. The event execution was lacking, with poor time management and insufficient preparation. My expectations for a well-organized program were not fulfilled.",Poor (2/5),"Transportation provided by organizer, Event execution (time, planning, task delegation, preparation for teaching), Expectation fulfillment"
225,"The transportation provided was always late, which was frustrating. The planning and execution of the event were inadequate, with poor task delegation and insufficient preparation for teaching. The program did not live up to my expectations.",Poor (2/5),"Transportation provided by organizer, Event execution (time, planning, task delegation, preparation for teaching), Expectation fulfillment"
226,"The organizers need to improve the transportation service as it was consistently late. The event lacked proper planning and preparation, leading to a chaotic experience. My expectations were not met due to these issues.",Poor (2/5),"Transportation provided by organizer, Event execution (time, planning, task delegation, preparation for teaching), Expectation fulfillment"
227,"Transportation was unreliable, often making us late. The event's execution suffered from poor planning and insufficient teaching preparation. This did not fulfill my expectations for a well-organized program. ",Poor (2/5),"Transportation provided by organizer, Event execution (time, planning, task delegation, preparation for teaching), Expectation fulfillment"
228,"The transportation delays were a major issue, causing disruptions. The event lacked efficient planning and task delegation, and the preparation for teaching was inadequate. This fell short of my expectations. ",Poor (2/5),"Transportation provided by organizer, Event execution (time, planning, task delegation, preparation for teaching), Expectation fulfillment"
229,"I found the transportation service to be very unreliable, which was frustrating. The event execution was poorly managed with inadequate preparation for teaching and unclear task delegation. This did not meet my expectations.",Poor (2/5),"Transportation provided by organizer, Event execution (time, planning, task delegation, preparation for teaching), Expectation fulfillment"
230,"The transportation provided by the organizers was frequently late, impacting our schedule. The event execution was disappointing due to poor planning and insufficient teaching preparation. My expectations for a well-coordinated program were not met.",Poor (2/5),"Transportation provided by organizer, Event execution (time, planning, task delegation, preparation for teaching), Expectation fulfillment"
231,"The food provided was tasty and satisfying. The allowance was decent, though a bit more would have been appreciated. The students were generally cooperative and well-behaved, making the teaching experience enjoyable.",Good (4/5),"Food, Allowance for the work, Student cooperation and behavior throughout the teaching"
232,"I enjoyed the meals during the sessions, and the allowance covered basic expenses. Most students were eager to learn and respectful, which made the teaching sessions smooth and pleasant.",Good (4/5),"Food, Allowance for the work, Student cooperation and behavior throughout the teaching"
233,"The lunch provided was delicious and filling. The allowance was fair, though a little extra wouldn't hurt. The students were mostly attentive and engaged, which made teaching them a rewarding experience.",Good (4/5),"Food, Allowance for the work, Student cooperation and behavior throughout the teaching"
234,"The food was quite good and always appreciated. The allowance was reasonable but could be improved. Students were cooperative and generally behaved well, making the tutoring sessions enjoyable.",Good (4/5),"Food, Allowance for the work, Student cooperation and behavior throughout the teaching"
235,"Meals were satisfying and a nice touch. The allowance was adequate but could use a boost. The students were cooperative and engaged, making the overall teaching experience positive.",Good (4/5),"Food, Allowance for the work, Student cooperation and behavior throughout the teaching"
236,"The food provided was always enjoyable and kept us energized. The allowance was fair but could be better. The students' cooperation and behavior were generally good, making teaching them easier.",Good (4/5),"Food, Allowance for the work, Student cooperation and behavior throughout the teaching"
237,"I appreciated the tasty meals provided during the sessions. The allowance was decent but could be increased. Students were mostly cooperative and eager to learn, making the teaching process smoother.",Good (4/5),"Food, Allowance for the work, Student cooperation and behavior throughout the teaching"
238,"The meals were a nice addition and kept us going. The allowance was fair but could use improvement. The students were well-behaved and cooperative, making the teaching sessions more effective.",Good (4/5),"Food, Allowance for the work, Student cooperation and behavior throughout the teaching"
239,"The food provided was always good and appreciated. The allowance was okay but could be higher. The students were cooperative and behaved well, which made teaching them a positive experience.",Good (4/5),"Food, Allowance for the work, Student cooperation and behavior throughout the teaching"
240,"I enjoyed the meals provided during the sessions. The allowance was reasonable but could be better. The students' cooperation and behavior were generally good, making the tutoring sessions enjoyable and effective.",Good (4/5),"Food, Allowance for the work, Student cooperation and behavior throughout the teaching"
241,"The experience was disappointing overall. The allowance was minimal and hardly worth the effort. The facilities were inadequate, lacking basic necessities. It felt like the whole program was poorly organized and not worth the time invested.",Very Poor (1/5),"Experience Gained, Allowance for the work, Facilities"
242,"I gained very little from this experience. The allowance was so low it felt almost insulting. The facilities were subpar, with outdated equipment and insufficient resources. I expected a much better-organized program and was left very dissatisfied.",Very Poor (1/5),"Experience Gained, Allowance for the work, Facilities"
243,"This program was a letdown. The minimal allowance did not justify the time and effort spent. The facilities were poorly maintained and lacked essential tools. Overall, the experience was far from enriching and failed to meet even basic expectations.",Very Poor (1/5),"Experience Gained, Allowance for the work, Facilities"
244,"My experience was quite negative. The allowance provided was insufficient and demotivating. The facilities were inadequate, with many essential items missing or in poor condition. The whole experience did not offer any significant value or learning opportunity.",Very Poor (1/5),"Experience Gained, Allowance for the work, Facilities"
245,"The experience left much to be desired. The allowance was barely enough to cover basic expenses. The facilities were in terrible shape, making it difficult to conduct effective sessions. I expected a more enriching and well-supported program but was greatly disappointed.",Very Poor (1/5),"Experience Gained, Allowance for the work, Facilities"
246,"The transportation was always punctual, making it easy to attend sessions. The allowance was generous, and the food provided was delicious and varied. This program truly cares for its volunteers' well-being and comfort.",Excellent (5/5),"Transportation provided by organizer, Allowance for the work, Food"
247,"I was impressed with the reliable transportation, which made commuting hassle-free. The allowance was more than sufficient, and the food was consistently tasty and nutritious. This program excels in providing a supportive environment for volunteers.",Excellent (5/5),"Transportation provided by organizer, Allowance for the work, Food"
248,"The organizers did a fantastic job with transportation, ensuring we were always on time. The allowance was very reasonable, and the food was excellent, keeping us energized throughout the day. This program is exceptionally well-organized.",Excellent (5/5),"Transportation provided by organizer, Allowance for the work, Food"
249,"I had a great experience with this program. The transportation was efficient, the allowance was generous, and the food was delicious. It made volunteering a rewarding and enjoyable experience.",Excellent (5/5),"Transportation provided by organizer, Allowance for the work, Food"
250,"The transportation was always reliable and on time. The allowance was quite generous, and the food provided was excellent, making the whole experience enjoyable and stress-free. Highly recommend this program.",Excellent (5/5),"Transportation provided by organizer, Allowance for the work, Food"
251,"This program exceeded my expectations. The transportation was always on schedule, the allowance was generous, and the food was consistently good. It made volunteering a pleasure.",Excellent (5/5),"Transportation provided by organizer, Allowance for the work, Food"
252,"The transportation service was flawless, always ensuring we arrived on time. The allowance was more than fair, and the food provided was always delicious and satisfying. This program truly supports its volunteers.",Excellent (5/5),"Transportation provided by organizer, Allowance for the work, Food"
253,"I was very satisfied with the transportation, which was always on time and reliable. The allowance was generous, and the food was excellent. This program is a great example of how to take care of volunteers.",Excellent (5/5),"Transportation provided by organizer, Allowance for the work, Food"
254,"The organizers ensured that transportation was always punctual and reliable. The allowance was more than adequate, and the food was fantastic. This program really understands the needs of its volunteers.",Excellent (5/5),"Transportation provided by organizer, Allowance for the work, Food"
255,"Everything about this program was well-organized. The transportation was timely, the allowance was generous, and the food was delicious. I highly recommend volunteering here.",Excellent (5/5),"Transportation provided by organizer, Allowance for the work, Food"
256,"I had a wonderful experience volunteering. The transportation was always on time, the allowance was fair, and the food was consistently good. This program is excellent and highly recommended",Excellent (5/5),"Transportation provided by organizer, Allowance for the work, Food"
